{"cameraMode":{"drawMode":0,"name":"Shaded","section":"Shading Mode"},"sceneLighting":true,"audioPlay":false,"sceneViewState":{"showFog":true,"showMaterialUpdate":false,"showSkybox":true,"showFlares":true,"showImageEffects":true,"showParticleSystems":true},"in2DMode":false,"pivot":{"x":-201.72344970703126,"y":-32.40684509277344,"z":5.520245552062988},"rotation":{"x":0.6918604373931885,"y":-0.11046764999628067,"z":0.10837134718894959,"w":0.7052570581436157},"size":43.392147064208987,"orthographic":false}