{"cameraMode":{"drawMode":0,"name":"Shaded","section":"Shading Mode"},"sceneLighting":false,"audioPlay":false,"sceneViewState":{"showFog":true,"showMaterialUpdate":false,"showSkybox":false,"showFlares":true,"showImageEffects":true,"showParticleSystems":true},"in2DMode":false,"pivot":{"x":25.01991844177246,"y":0.8906084299087524,"z":11.652610778808594},"rotation":{"x":0.6325829029083252,"y":0.004646887071430683,"z":-0.003795541590079665,"w":0.7744699120521545},"size":1.4467679262161255,"orthographic":true}