{"cameraMode":{"drawMode":0,"name":"Shaded","section":"Shading Mode"},"sceneLighting":false,"audioPlay":false,"sceneViewState":{"showFog":true,"showMaterialUpdate":false,"showSkybox":false,"showFlares":true,"showImageEffects":true,"showParticleSystems":true},"in2DMode":false,"pivot":{"x":-0.05399999022483826,"y":1.184999942779541,"z":0.31599998474121096},"rotation":{"x":0.0005038243834860623,"y":0.998794436454773,"z":-0.04797900468111038,"w":0.0104877520352602},"size":0.6807265877723694,"orthographic":true}