{"cameraMode":{"drawMode":0,"name":"Shaded","section":"Shading Mode"},"sceneLighting":true,"audioPlay":false,"sceneViewState":{"showFog":true,"showMaterialUpdate":false,"showSkybox":true,"showFlares":true,"showImageEffects":true,"showParticleSystems":true},"in2DMode":false,"pivot":{"x":-4.555457592010498,"y":3.5721044540405275,"z":3.2983412742614748},"rotation":{"x":-0.41275230050086977,"y":0.5615622997283936,"z":-0.38169217109680178,"w":-0.6071935892105103},"size":15.244797706604004,"orthographic":true}